{
    "baseline": {
        "accuracy": 0.55,
        "precision": 0.611764705882353,
        "recall": 0.8125,
        "f1_score": 0.697986577181208,
        "confusion_matrix": [
            [
                3,
                33
            ],
            [
                12,
                52
            ]
        ]
    },
    "background_subtraction": {
        "accuracy": 0.64,
        "precision": 0.64,
        "recall": 1.0,
        "f1_score": 0.7804878048780488,
        "confusion_matrix": [
            [
                0,
                36
            ],
            [
                0,
                64
            ]
        ]
    },
    "combined_preprocessing": {
        "accuracy": 0.64,
        "precision": 0.64,
        "recall": 1.0,
        "f1_score": 0.7804878048780488,
        "confusion_matrix": [
            [
                0,
                36
            ],
            [
                0,
                64
            ]
        ]
    },
    "improvement": {
        "f1_improvement_absolute": 0.08250122769684076,
        "f1_improvement_relative": 11.819887429643533
    }
}